{
	"start":	{
		"connected":	[{
				"socket":	5,
				"local_host":	"192.168.100.1",
				"local_port":	42524,
				"remote_host":	"192.168.100.2",
				"remote_port":	5201
			}],
		"version":	"iperf 3.16",
		"system_info":	"Linux sake 6.8.0-124-generic #124-Ubuntu SMP PREEMPT_DYNAMIC Tue May 26 13:00:45 UTC 2026 x86_64",
		"timestamp":	{
			"time":	"Mon, 22 Jun 2026 15:58:48 GMT",
			"timesecs":	1782143928
		},
		"connecting_to":	{
			"host":	"192.168.100.2",
			"port":	5201
		},
		"cookie":	"3xchymbmx2jk34g6aggfee5v47mvt2nfin5z",
		"target_bitrate":	3000000000,
		"fq_rate":	0,
		"sock_bufsize":	0,
		"sndbuf_actual":	212992,
		"rcvbuf_actual":	212992,
		"test_start":	{
			"protocol":	"UDP",
			"num_streams":	1,
			"blksize":	8948,
			"omit":	0,
			"duration":	30,
			"bytes":	0,
			"blocks":	0,
			"reverse":	0,
			"tos":	0,
			"target_bitrate":	3000000000,
			"bidir":	0,
			"fqrate":	0
		}
	},
	"intervals":	[{
			"streams":	[{
					"socket":	5,
					"start":	0,
					"end":	1.000088,
					"seconds":	1.0000879764556885,
					"bytes":	310236108,
					"bits_per_second":	2481670535.4221072,
					"packets":	34672,
					"omitted":	false,
					"sender":	true
				}],
			"sum":	{
				"start":	0,
				"end":	1.000088,
				"seconds":	1.0000879764556885,
				"bytes":	310236108,
				"bits_per_second":	2481670535.4221072,
				"packets":	34672,
				"omitted":	false,
				"sender":	true
			}
		}, {
			"streams":	[{
					"socket":	5,
					"start":	1.000088,
					"end":	2.000086,
					"seconds":	0.99999797344207764,
					"bytes":	310146628,
					"bits_per_second":	2481178052.2510386,
					"packets":	34661,
					"omitted":	false,
					"sender":	true
				}],
			"sum":	{
				"start":	1.000088,
				"end":	2.000086,
				"seconds":	0.99999797344207764,
				"bytes":	310146628,
				"bits_per_second":	2481178052.2510386,
				"packets":	34661,
				"omitted":	false,
				"sender":	true
			}
		}, {
			"streams":	[{
					"socket":	5,
					"start":	2.000086,
					"end":	3.000089,
					"seconds":	1.0000029802322388,
					"bytes":	310254004,
					"bits_per_second":	2482024634.9901652,
					"packets":	34673,
					"omitted":	false,
					"sender":	true
				}],
			"sum":	{
				"start":	2.000086,
				"end":	3.000089,
				"seconds":	1.0000029802322388,
				"bytes":	310254004,
				"bits_per_second":	2482024634.9901652,
				"packets":	34673,
				"omitted":	false,
				"sender":	true
			}
		}, {
			"streams":	[{
					"socket":	5,
					"start":	3.000089,
					"end":	4.000086,
					"seconds":	0.99999701976776123,
					"bytes":	310209264,
					"bits_per_second":	2481681507.9872365,
					"packets":	34668,
					"omitted":	false,
					"sender":	true
				}],
			"sum":	{
				"start":	3.000089,
				"end":	4.000086,
				"seconds":	0.99999701976776123,
				"bytes":	310209264,
				"bits_per_second":	2481681507.9872365,
				"packets":	34668,
				"omitted":	false,
				"sender":	true
			}
		}, {
			"streams":	[{
					"socket":	5,
					"start":	4.000086,
					"end":	5.000085,
					"seconds":	0.99999898672103882,
					"bytes":	309421840,
					"bits_per_second":	2475377228.2476664,
					"packets":	34580,
					"omitted":	false,
					"sender":	true
				}],
			"sum":	{
				"start":	4.000086,
				"end":	5.000085,
				"seconds":	0.99999898672103882,
				"bytes":	309421840,
				"bits_per_second":	2475377228.2476664,
				"packets":	34580,
				"omitted":	false,
				"sender":	true
			}
		}, {
			"streams":	[{
					"socket":	5,
					"start":	5.000085,
					"end":	6.000087,
					"seconds":	1.0000020265579224,
					"bytes":	310182420,
					"bits_per_second":	2481454331.1890659,
					"packets":	34665,
					"omitted":	false,
					"sender":	true
				}],
			"sum":	{
				"start":	5.000085,
				"end":	6.000087,
				"seconds":	1.0000020265579224,
				"bytes":	310182420,
				"bits_per_second":	2481454331.1890659,
				"packets":	34665,
				"omitted":	false,
				"sender":	true
			}
		}, {
			"streams":	[{
					"socket":	5,
					"start":	6.000087,
					"end":	7.000087,
					"seconds":	1,
					"bytes":	310191368,
					"bits_per_second":	2481530944,
					"packets":	34666,
					"omitted":	false,
					"sender":	true
				}],
			"sum":	{
				"start":	6.000087,
				"end":	7.000087,
				"seconds":	1,
				"bytes":	310191368,
				"bits_per_second":	2481530944,
				"packets":	34666,
				"omitted":	false,
				"sender":	true
			}
		}, {
			"streams":	[{
					"socket":	5,
					"start":	7.000087,
					"end":	8.000087,
					"seconds":	1,
					"bytes":	310137680,
					"bits_per_second":	2481101440,
					"packets":	34660,
					"omitted":	false,
					"sender":	true
				}],
			"sum":	{
				"start":	7.000087,
				"end":	8.000087,
				"seconds":	1,
				"bytes":	310137680,
				"bits_per_second":	2481101440,
				"packets":	34660,
				"omitted":	false,
				"sender":	true
			}
		}, {
			"streams":	[{
					"socket":	5,
					"start":	8.000087,
					"end":	9.000076,
					"seconds":	0.99998897314071655,
					"bytes":	310245056,
					"bits_per_second":	2481987816.530396,
					"packets":	34672,
					"omitted":	false,
					"sender":	true
				}],
			"sum":	{
				"start":	8.000087,
				"end":	9.000076,
				"seconds":	0.99998897314071655,
				"bytes":	310245056,
				"bits_per_second":	2481987816.530396,
				"packets":	34672,
				"omitted":	false,
				"sender":	true
			}
		}, {
			"streams":	[{
					"socket":	5,
					"start":	9.000076,
					"end":	10.000065,
					"seconds":	0.99998897314071655,
					"bytes":	310173472,
					"bits_per_second":	2481415138.2155528,
					"packets":	34664,
					"omitted":	false,
					"sender":	true
				}],
			"sum":	{
				"start":	9.000076,
				"end":	10.000065,
				"seconds":	0.99998897314071655,
				"bytes":	310173472,
				"bits_per_second":	2481415138.2155528,
				"packets":	34664,
				"omitted":	false,
				"sender":	true
			}
		}, {
			"streams":	[{
					"socket":	5,
					"start":	10.000065,
					"end":	11.000088,
					"seconds":	1.0000230073928833,
					"bytes":	310218212,
					"bits_per_second":	2481688598.815393,
					"packets":	34671,
					"omitted":	false,
					"sender":	true
				}],
			"sum":	{
				"start":	10.000065,
				"end":	11.000088,
				"seconds":	1.0000230073928833,
				"bytes":	310218212,
				"bits_per_second":	2481688598.815393,
				"packets":	34671,
				"omitted":	false,
				"sender":	true
			}
		}, {
			"streams":	[{
					"socket":	5,
					"start":	11.000088,
					"end":	12.000087,
					"seconds":	0.99999898672103882,
					"bytes":	310218212,
					"bits_per_second":	2481748210.703249,
					"packets":	34669,
					"omitted":	false,
					"sender":	true
				}],
			"sum":	{
				"start":	11.000088,
				"end":	12.000087,
				"seconds":	0.99999898672103882,
				"bytes":	310218212,
				"bits_per_second":	2481748210.703249,
				"packets":	34669,
				"omitted":	false,
				"sender":	true
			}
		}, {
			"streams":	[{
					"socket":	5,
					"start":	12.000087,
					"end":	13.000089,
					"seconds":	1.0000020265579224,
					"bytes":	310173472,
					"bits_per_second":	2481382747.3341351,
					"packets":	34664,
					"omitted":	false,
					"sender":	true
				}],
			"sum":	{
				"start":	12.000087,
				"end":	13.000089,
				"seconds":	1.0000020265579224,
				"bytes":	310173472,
				"bits_per_second":	2481382747.3341351,
				"packets":	34664,
				"omitted":	false,
				"sender":	true
			}
		}, {
			"streams":	[{
					"socket":	5,
					"start":	13.000089,
					"end":	14.000086,
					"seconds":	0.99999701976776123,
					"bytes":	310245056,
					"bits_per_second":	2481967844.8405867,
					"packets":	34672,
					"omitted":	false,
					"sender":	true
				}],
			"sum":	{
				"start":	13.000089,
				"end":	14.000086,
				"seconds":	0.99999701976776123,
				"bytes":	310245056,
				"bits_per_second":	2481967844.8405867,
				"packets":	34672,
				"omitted":	false,
				"sender":	true
			}
		}, {
			"streams":	[{
					"socket":	5,
					"start":	14.000086,
					"end":	15.00009,
					"seconds":	1.0000040531158447,
					"bytes":	310227160,
					"bits_per_second":	2481807220.9478292,
					"packets":	34670,
					"omitted":	false,
					"sender":	true
				}],