{
	"start":	{
		"connected":	[{
				"socket":	5,
				"local_host":	"192.168.100.1",
				"local_port":	48146,
				"remote_host":	"192.168.100.2",
				"remote_port":	5201
			}],
		"version":	"iperf 3.16",
		"system_info":	"Linux sake 6.8.0-124-generic #124-Ubuntu SMP PREEMPT_DYNAMIC Tue May 26 13:00:45 UTC 2026 x86_64",
		"timestamp":	{
			"time":	"Mon, 22 Jun 2026 15:59:19 GMT",
			"timesecs":	1782143959
		},
		"connecting_to":	{
			"host":	"192.168.100.2",
			"port":	5201
		},
		"cookie":	"mubwyv3b2k25gaqzqksilwaemm6zgzipyds2",
		"target_bitrate":	3000000000,
		"fq_rate":	0,
		"sock_bufsize":	0,
		"sndbuf_actual":	212992,
		"rcvbuf_actual":	212992,
		"test_start":	{
			"protocol":	"UDP",
			"num_streams":	1,
			"blksize":	8948,
			"omit":	0,
			"duration":	30,
			"bytes":	0,
			"blocks":	0,
			"reverse":	0,
			"tos":	0,
			"target_bitrate":	3000000000,
			"bidir":	0,
			"fqrate":	0
		}
	},
	"intervals":	[{
			"streams":	[{
					"socket":	5,
					"start":	0,
					"end":	1.000088,
					"seconds":	1.0000879764556885,
					"bytes":	310209264,
					"bits_per_second":	2481455802.3135648,
					"packets":	34669,
					"omitted":	false,
					"sender":	true
				}],
			"sum":	{
				"start":	0,
				"end":	1.000088,
				"seconds":	1.0000879764556885,
				"bytes":	310209264,
				"bits_per_second":	2481455802.3135648,
				"packets":	34669,
				"omitted":	false,
				"sender":	true
			}
		}, {
			"streams":	[{
					"socket":	5,
					"start":	1.000088,
					"end":	2.000076,
					"seconds":	0.9999880194664,
					"bytes":	310254004,
					"bits_per_second":	2482061768.4244137,
					"packets":	34673,
					"omitted":	false,
					"sender":	true
				}],
			"sum":	{
				"start":	1.000088,
				"end":	2.000076,
				"seconds":	0.9999880194664,
				"bytes":	310254004,
				"bits_per_second":	2482061768.4244137,
				"packets":	34673,
				"omitted":	false,
				"sender":	true
			}
		}, {
			"streams":	[{
					"socket":	5,
					"start":	2.000076,
					"end":	3.000066,
					"seconds":	0.99998998641967773,
					"bytes":	310164524,
					"bits_per_second":	2481341039.1078019,
					"packets":	34663,
					"omitted":	false,
					"sender":	true
				}],
			"sum":	{
				"start":	2.000076,
				"end":	3.000066,
				"seconds":	0.99998998641967773,
				"bytes":	310164524,
				"bits_per_second":	2481341039.1078019,
				"packets":	34663,
				"omitted":	false,
				"sender":	true
			}
		}, {
			"streams":	[{
					"socket":	5,
					"start":	3.000066,
					"end":	4.000088,
					"seconds":	1.0000220537185669,
					"bytes":	310254004,
					"bits_per_second":	2481977295.1712427,
					"packets":	34673,
					"omitted":	false,
					"sender":	true
				}],
			"sum":	{
				"start":	3.000066,
				"end":	4.000088,
				"seconds":	1.0000220537185669,
				"bytes":	310254004,
				"bits_per_second":	2481977295.1712427,
				"packets":	34673,
				"omitted":	false,
				"sender":	true
			}
		}, {
			"streams":	[{
					"socket":	5,
					"start":	4.000088,
					"end":	5.000088,
					"seconds":	1,
					"bytes":	310218212,
					"bits_per_second":	2481745696,
					"packets":	34669,
					"omitted":	false,
					"sender":	true
				}],
			"sum":	{
				"start":	4.000088,
				"end":	5.000088,
				"seconds":	1,
				"bytes":	310218212,
				"bits_per_second":	2481745696,
				"packets":	34669,
				"omitted":	false,
				"sender":	true
			}
		}, {
			"streams":	[{
					"socket":	5,
					"start":	5.000088,
					"end":	6.000093,
					"seconds":	1.0000050067901611,
					"bytes":	310200316,
					"bits_per_second":	2481590103.1990871,
					"packets":	34667,
					"omitted":	false,
					"sender":	true
				}],
			"sum":	{
				"start":	5.000088,
				"end":	6.000093,
				"seconds":	1.0000050067901611,
				"bytes":	310200316,
				"bits_per_second":	2481590103.1990871,
				"packets":	34667,
				"omitted":	false,
				"sender":	true
			}
		}, {
			"streams":	[{
					"socket":	5,
					"start":	6.000093,
					"end":	7.000089,
					"seconds":	0.9999960064888,
					"bytes":	309797656,
					"bits_per_second":	2478391145.4827971,
					"packets":	34622,
					"omitted":	false,
					"sender":	true
				}],
			"sum":	{
				"start":	6.000093,
				"end":	7.000089,
				"seconds":	0.9999960064888,
				"bytes":	309797656,
				"bits_per_second":	2478391145.4827971,
				"packets":	34622,
				"omitted":	false,
				"sender":	true
			}
		}, {
			"streams":	[{
					"socket":	5,
					"start":	7.000089,
					"end":	8.000088,
					"seconds":	0.99999898672103882,
					"bytes":	309377100,
					"bits_per_second":	2475019307.8849931,
					"packets":	34575,
					"omitted":	false,
					"sender":	true
				}],
			"sum":	{
				"start":	7.000089,
				"end":	8.000088,
				"seconds":	0.99999898672103882,
				"bytes":	309377100,
				"bits_per_second":	2475019307.8849931,
				"packets":	34575,
				"omitted":	false,
				"sender":	true
			}
		}, {
			"streams":	[{
					"socket":	5,
					"start":	8.000088,
					"end":	9.00009,
					"seconds":	1.0000020265579224,
					"bytes":	310200316,
					"bits_per_second":	2481597498.8989286,
					"packets":	34668,
					"omitted":	false,
					"sender":	true
				}],
			"sum":	{
				"start":	8.000088,
				"end":	9.00009,
				"seconds":	1.0000020265579224,
				"bytes":	310200316,
				"bits_per_second":	2481597498.8989286,
				"packets":	34668,
				"omitted":	false,
				"sender":	true
			}
		}, {
			"streams":	[{
					"socket":	5,
					"start":	9.00009,
					"end":	10.000099,
					"seconds":	1.0000089406967163,
					"bytes":	310182420,
					"bits_per_second":	2481437174.2228045,
					"packets":	34665,
					"omitted":	false,
					"sender":	true
				}],
			"sum":	{
				"start":	9.00009,
				"end":	10.000099,
				"seconds":	1.0000089406967163,
				"bytes":	310182420,
				"bits_per_second":	2481437174.2228045,
				"packets":	34665,
				"omitted":	false,
				"sender":	true
			}
		}, {
			"streams":	[{
					"socket":	5,
					"start":	10.000099,
					"end":	11.000095,
					"seconds":	0.9999960064888,
					"bytes":	310191368,
					"bits_per_second":	2481540854.0611939,
					"packets":	34666,
					"omitted":	false,
					"sender":	true
				}],
			"sum":	{
				"start":	10.000099,
				"end":	11.000095,
				"seconds":	0.9999960064888,
				"bytes":	310191368,
				"bits_per_second":	2481540854.0611939,
				"packets":	34666,
				"omitted":	false,
				"sender":	true
			}
		}, {
			"streams":	[{
					"socket":	5,
					"start":	11.000095,
					"end":	12.000089,
					"seconds":	0.99999397993087769,
					"bytes":	303220876,
					"bits_per_second":	2425781611.3729763,
					"packets":	33887,
					"omitted":	false,
					"sender":	true
				}],
			"sum":	{
				"start":	11.000095,
				"end":	12.000089,
				"seconds":	0.99999397993087769,
				"bytes":	303220876,
				"bits_per_second":	2425781611.3729763,
				"packets":	33887,
				"omitted":	false,
				"sender":	true
			}
		}, {
			"streams":	[{
					"socket":	5,
					"start":	12.000089,
					"end":	13.000093,
					"seconds":	1.0000040531158447,
					"bytes":	310128732,
					"bits_per_second":	2481019800.1393371,
					"packets":	34659,
					"omitted":	false,
					"sender":	true
				}],
			"sum":	{
				"start":	12.000089,
				"end":	13.000093,
				"seconds":	1.0000040531158447,
				"bytes":	310128732,
				"bits_per_second":	2481019800.1393371,
				"packets":	34659,
				"omitted":	false,
				"sender":	true
			}
		}, {
			"streams":	[{
					"socket":	5,
					"start":	13.000093,
					"end":	14.000096,
					"seconds":	1.0000029802322388,
					"bytes":	309403944,
					"bits_per_second":	2475224175.2571149,
					"packets":	34578,
					"omitted":	false,
					"sender":	true
				}],
			"sum":	{
				"start":	13.000093,
				"end":	14.000096,
				"seconds":	1.0000029802322388,
				"bytes":	309403944,
				"bits_per_second":	2475224175.2571149,
				"packets":	34578,
				"omitted":	false,
				"sender":	true
			}
		}, {
			"streams":	[{
					"socket":	5,
					"start":	14.000096,
					"end":	15.000088,
					"seconds":	0.9999920129776,
					"bytes":	310271900,
					"bits_per_second":	2482195025.3472686,
					"packets":	34675,
					"omitted":	false,