{
	"start":	{
		"connected":	[{
				"socket":	5,
				"local_host":	"192.168.100.1",
				"local_port":	54072,
				"remote_host":	"192.168.100.2",
				"remote_port":	5201
			}],
		"version":	"iperf 3.16",
		"system_info":	"Linux sake 6.8.0-124-generic #124-Ubuntu SMP PREEMPT_DYNAMIC Tue May 26 13:00:45 UTC 2026 x86_64",
		"timestamp":	{
			"time":	"Mon, 22 Jun 2026 16:09:52 GMT",
			"timesecs":	1782144592
		},
		"connecting_to":	{
			"host":	"192.168.100.2",
			"port":	5201
		},
		"cookie":	"ootzzncuxjfzze7gs6pjl4mmmzwof7lkrlzp",
		"target_bitrate":	3000000000,
		"fq_rate":	0,
		"sock_bufsize":	0,
		"sndbuf_actual":	212992,
		"rcvbuf_actual":	212992,
		"test_start":	{
			"protocol":	"UDP",
			"num_streams":	1,
			"blksize":	8948,
			"omit":	0,
			"duration":	30,
			"bytes":	0,
			"blocks":	0,
			"reverse":	0,
			"tos":	0,
			"target_bitrate":	3000000000,
			"bidir":	0,
			"fqrate":	0
		}
	},
	"intervals":	[{
			"streams":	[{
					"socket":	5,
					"start":	0,
					"end":	1.000086,
					"seconds":	1.0000859498977661,
					"bytes":	308294392,
					"bits_per_second":	2466143171.2465549,
					"packets":	34455,
					"omitted":	false,
					"sender":	true
				}],
			"sum":	{
				"start":	0,
				"end":	1.000086,
				"seconds":	1.0000859498977661,
				"bytes":	308294392,
				"bits_per_second":	2466143171.2465549,
				"packets":	34455,
				"omitted":	false,
				"sender":	true
			}
		}, {
			"streams":	[{
					"socket":	5,
					"start":	1.000086,
					"end":	2.000088,
					"seconds":	1.0000020265579224,
					"bytes":	309502372,
					"bits_per_second":	2476013958.2142973,
					"packets":	34589,
					"omitted":	false,
					"sender":	true
				}],
			"sum":	{
				"start":	1.000086,
				"end":	2.000088,
				"seconds":	1.0000020265579224,
				"bytes":	309502372,
				"bits_per_second":	2476013958.2142973,
				"packets":	34589,
				"omitted":	false,
				"sender":	true
			}
		}, {
			"streams":	[{
					"socket":	5,
					"start":	2.000088,
					"end":	3.000085,
					"seconds":	0.99999701976776123,
					"bytes":	309466580,
					"bits_per_second":	2475740018.2802172,
					"packets":	34585,
					"omitted":	false,
					"sender":	true
				}],
			"sum":	{
				"start":	2.000088,
				"end":	3.000085,
				"seconds":	0.99999701976776123,
				"bytes":	309466580,
				"bits_per_second":	2475740018.2802172,
				"packets":	34585,
				"omitted":	false,
				"sender":	true
			}
		}, {
			"streams":	[{
					"socket":	5,
					"start":	3.000085,
					"end":	4.000068,
					"seconds":	0.999983012676239,
					"bytes":	309430788,
					"bits_per_second":	2475488355.9221687,
					"packets":	34581,
					"omitted":	false,
					"sender":	true
				}],
			"sum":	{
				"start":	3.000085,
				"end":	4.000068,
				"seconds":	0.999983012676239,
				"bytes":	309430788,
				"bits_per_second":	2475488355.9221687,
				"packets":	34581,
				"omitted":	false,
				"sender":	true
			}
		}, {
			"streams":	[{
					"socket":	5,
					"start":	4.000068,
					"end":	5.000086,
					"seconds":	1.0000180006027222,
					"bytes":	308786532,
					"bits_per_second":	2470247790.0509062,
					"packets":	34509,
					"omitted":	false,
					"sender":	true
				}],
			"sum":	{
				"start":	4.000068,
				"end":	5.000086,
				"seconds":	1.0000180006027222,
				"bytes":	308786532,
				"bits_per_second":	2470247790.0509062,
				"packets":	34509,
				"omitted":	false,
				"sender":	true
			}
		}, {
			"streams":	[{
					"socket":	5,
					"start":	5.000086,
					"end":	6.000085,
					"seconds":	0.99999898672103882,
					"bytes":	309520268,
					"bits_per_second":	2476164653.0455475,
					"packets":	34591,
					"omitted":	false,
					"sender":	true
				}],
			"sum":	{
				"start":	5.000086,
				"end":	6.000085,
				"seconds":	0.99999898672103882,
				"bytes":	309520268,
				"bits_per_second":	2476164653.0455475,
				"packets":	34591,
				"omitted":	false,
				"sender":	true
			}
		}, {
			"streams":	[{
					"socket":	5,
					"start":	6.000085,
					"end":	7.000088,
					"seconds":	1.0000029802322388,
					"bytes":	309484476,
					"bits_per_second":	2475868429.3370881,
					"packets":	34587,
					"omitted":	false,
					"sender":	true
				}],
			"sum":	{
				"start":	6.000085,
				"end":	7.000088,
				"seconds":	1.0000029802322388,
				"bytes":	309484476,
				"bits_per_second":	2475868429.3370881,
				"packets":	34587,
				"omitted":	false,
				"sender":	true
			}
		}, {
			"streams":	[{
					"socket":	5,
					"start":	7.000088,
					"end":	8.000087,
					"seconds":	0.99999898672103882,
					"bytes":	308759688,
					"bits_per_second":	2470080006.8801036,
					"packets":	34506,
					"omitted":	false,
					"sender":	true
				}],
			"sum":	{
				"start":	7.000088,
				"end":	8.000087,
				"seconds":	0.99999898672103882,
				"bytes":	308759688,
				"bits_per_second":	2470080006.8801036,
				"packets":	34506,
				"omitted":	false,
				"sender":	true
			}
		}, {
			"streams":	[{
					"socket":	5,
					"start":	8.000087,
					"end":	9.000073,
					"seconds":	0.99998599290847778,
					"bytes":	309269724,
					"bits_per_second":	2474192448.2400661,
					"packets":	34564,
					"omitted":	false,
					"sender":	true
				}],
			"sum":	{
				"start":	8.000087,
				"end":	9.000073,
				"seconds":	0.99998599290847778,
				"bytes":	309269724,
				"bits_per_second":	2474192448.2400661,
				"packets":	34564,
				"omitted":	false,
				"sender":	true
			}
		}, {
			"streams":	[{
					"socket":	5,
					"start":	9.000073,
					"end":	10.000074,
					"seconds":	1.0000009536743164,
					"bytes":	309063920,
					"bits_per_second":	2472509002.0316677,
					"packets":	34540,
					"omitted":	false,
					"sender":	true
				}],
			"sum":	{
				"start":	9.000073,
				"end":	10.000074,
				"seconds":	1.0000009536743164,
				"bytes":	309063920,
				"bits_per_second":	2472509002.0316677,
				"packets":	34540,
				"omitted":	false,
				"sender":	true
			}
		}, {
			"streams":	[{
					"socket":	5,
					"start":	10.000074,
					"end":	11.000092,
					"seconds":	1.0000180006027222,
					"bytes":	309323412,
					"bits_per_second":	2474542752.7389889,
					"packets":	34570,
					"omitted":	false,
					"sender":	true
				}],
			"sum":	{
				"start":	10.000074,
				"end":	11.000092,
				"seconds":	1.0000180006027222,
				"bytes":	309323412,
				"bits_per_second":	2474542752.7389889,
				"packets":	34570,
				"omitted":	false,
				"sender":	true
			}
		}, {
			"streams":	[{
					"socket":	5,
					"start":	11.000092,
					"end":	12.000091,
					"seconds":	0.99999898672103882,
					"bytes":	309216036,
					"bits_per_second":	2473730794.57937,
					"packets":	34557,
					"omitted":	false,
					"sender":	true
				}],
			"sum":	{
				"start":	11.000092,
				"end":	12.000091,
				"seconds":	0.99999898672103882,
				"bytes":	309216036,
				"bits_per_second":	2473730794.57937,
				"packets":	34557,
				"omitted":	false,
				"sender":	true
			}
		}, {
			"streams":	[{
					"socket":	5,
					"start":	12.000091,
					"end":	13.000097,
					"seconds":	1.0000059604644775,
					"bytes":	309216036,
					"bits_per_second":	2473713543.5182962,
					"packets":	34557,
					"omitted":	false,
					"sender":	true
				}],
			"sum":	{
				"start":	12.000091,
				"end":	13.000097,
				"seconds":	1.0000059604644775,
				"bytes":	309216036,
				"bits_per_second":	2473713543.5182962,
				"packets":	34557,
				"omitted":	false,
				"sender":	true
			}
		}, {
			"streams":	[{
					"socket":	5,
					"start":	13.000097,
					"end":	14.000087,
					"seconds":	0.99998998641967773,
					"bytes":	309046024,
					"bits_per_second":	2472392949.5053883,
					"packets":	34538,
					"omitted":	false,
					"sender":	true
				}],
			"sum":	{
				"start":	13.000097,
				"end":	14.000087,
				"seconds":	0.99998998641967773,
				"bytes":	309046024,
				"bits_per_second":	2472392949.5053883,
				"packets":	34538,
				"omitted":	false,
				"sender":	true
			}
		}, {
			"streams":	[{
					"socket":	5,
					"start":	14.000087,
					"end":	15.000075,
					"seconds":	0.9999880194664,
					"bytes":	309600800,