{
	"start":	{
		"connected":	[{
				"socket":	5,
				"local_host":	"192.168.100.1",
				"local_port":	50276,
				"remote_host":	"192.168.100.2",
				"remote_port":	5201
			}],
		"version":	"iperf 3.16",
		"system_info":	"Linux sake 6.8.0-124-generic #124-Ubuntu SMP PREEMPT_DYNAMIC Tue May 26 13:00:45 UTC 2026 x86_64",
		"timestamp":	{
			"time":	"Mon, 22 Jun 2026 16:09:21 GMT",
			"timesecs":	1782144561
		},
		"connecting_to":	{
			"host":	"192.168.100.2",
			"port":	5201
		},
		"cookie":	"yde2cuse64buf5ofvan3dwykyxxjad5kwaa2",
		"target_bitrate":	3000000000,
		"fq_rate":	0,
		"sock_bufsize":	0,
		"sndbuf_actual":	212992,
		"rcvbuf_actual":	212992,
		"test_start":	{
			"protocol":	"UDP",
			"num_streams":	1,
			"blksize":	8948,
			"omit":	0,
			"duration":	30,
			"bytes":	0,
			"blocks":	0,
			"reverse":	0,
			"tos":	0,
			"target_bitrate":	3000000000,
			"bidir":	0,
			"fqrate":	0
		}
	},
	"intervals":	[{
			"streams":	[{
					"socket":	5,
					"start":	0,
					"end":	1.000067,
					"seconds":	1.0000669956207275,
					"bytes":	309457632,
					"bits_per_second":	2475495208.6618876,
					"packets":	34585,
					"omitted":	false,
					"sender":	true
				}],
			"sum":	{
				"start":	0,
				"end":	1.000067,
				"seconds":	1.0000669956207275,
				"bytes":	309457632,
				"bits_per_second":	2475495208.6618876,
				"packets":	34585,
				"omitted":	false,
				"sender":	true
			}
		}, {
			"streams":	[{
					"socket":	5,
					"start":	1.000067,
					"end":	2.00009,
					"seconds":	1.0000230073928833,
					"bytes":	309108660,
					"bits_per_second":	2472812387.033885,
					"packets":	34545,
					"omitted":	false,
					"sender":	true
				}],
			"sum":	{
				"start":	1.000067,
				"end":	2.00009,
				"seconds":	1.0000230073928833,
				"bytes":	309108660,
				"bits_per_second":	2472812387.033885,
				"packets":	34545,
				"omitted":	false,
				"sender":	true
			}
		}, {
			"streams":	[{
					"socket":	5,
					"start":	2.00009,
					"end":	3.000088,
					"seconds":	0.99999797344207764,
					"bytes":	308267548,
					"bits_per_second":	2466145381.7864614,
					"packets":	34451,
					"omitted":	false,
					"sender":	true
				}],
			"sum":	{
				"start":	2.00009,
				"end":	3.000088,
				"seconds":	0.99999797344207764,
				"bytes":	308267548,
				"bits_per_second":	2466145381.7864614,
				"packets":	34451,
				"omitted":	false,
				"sender":	true
			}
		}, {
			"streams":	[{
					"socket":	5,
					"start":	3.000088,
					"end":	4.000087,
					"seconds":	0.99999898672103882,
					"bytes":	305252072,
					"bits_per_second":	2442019050.4465265,
					"packets":	34114,
					"omitted":	false,
					"sender":	true
				}],
			"sum":	{
				"start":	3.000088,
				"end":	4.000087,
				"seconds":	0.99999898672103882,
				"bytes":	305252072,
				"bits_per_second":	2442019050.4465265,
				"packets":	34114,
				"omitted":	false,
				"sender":	true
			}
		}, {
			"streams":	[{
					"socket":	5,
					"start":	4.000087,
					"end":	5.000087,
					"seconds":	1,
					"bytes":	309403944,
					"bits_per_second":	2475231552,
					"packets":	34578,
					"omitted":	false,
					"sender":	true
				}],
			"sum":	{
				"start":	4.000087,
				"end":	5.000087,
				"seconds":	1,
				"bytes":	309403944,
				"bits_per_second":	2475231552,
				"packets":	34578,
				"omitted":	false,
				"sender":	true
			}
		}, {
			"streams":	[{
					"socket":	5,
					"start":	5.000087,
					"end":	6.000066,
					"seconds":	0.999979019165039,
					"bytes":	309403944,
					"bits_per_second":	2475283485.5142913,
					"packets":	34578,
					"omitted":	false,
					"sender":	true
				}],
			"sum":	{
				"start":	5.000087,
				"end":	6.000066,
				"seconds":	0.999979019165039,
				"bytes":	309403944,
				"bits_per_second":	2475283485.5142913,
				"packets":	34578,
				"omitted":	false,
				"sender":	true
			}
		}, {
			"streams":	[{
					"socket":	5,
					"start":	6.000066,
					"end":	7.000076,
					"seconds":	1.0000100135803223,
					"bytes":	309063920,
					"bits_per_second":	2472486601.55682,
					"packets":	34540,
					"omitted":	false,
					"sender":	true
				}],
			"sum":	{
				"start":	6.000066,
				"end":	7.000076,
				"seconds":	1.0000100135803223,
				"bytes":	309063920,
				"bits_per_second":	2472486601.55682,
				"packets":	34540,
				"omitted":	false,
				"sender":	true
			}
		}, {
			"streams":	[{
					"socket":	5,
					"start":	7.000076,
					"end":	8.000091,
					"seconds":	1.0000150203704834,
					"bytes":	309224984,
					"bits_per_second":	2473762715.16753,
					"packets":	34558,
					"omitted":	false,
					"sender":	true
				}],
			"sum":	{
				"start":	7.000076,
				"end":	8.000091,
				"seconds":	1.0000150203704834,
				"bytes":	309224984,
				"bits_per_second":	2473762715.16753,
				"packets":	34558,
				"omitted":	false,
				"sender":	true
			}
		}, {
			"streams":	[{
					"socket":	5,
					"start":	8.000091,
					"end":	9.000088,
					"seconds":	0.99999701976776123,
					"bytes":	309529216,
					"bits_per_second":	2476241107.77358,
					"packets":	34592,
					"omitted":	false,
					"sender":	true
				}],
			"sum":	{
				"start":	8.000091,
				"end":	9.000088,
				"seconds":	0.99999701976776123,
				"bytes":	309529216,
				"bits_per_second":	2476241107.77358,
				"packets":	34592,
				"omitted":	false,
				"sender":	true
			}
		}, {
			"streams":	[{
					"socket":	5,
					"start":	9.000088,
					"end":	10.000091,
					"seconds":	1.0000029802322388,
					"bytes":	309582904,
					"bits_per_second":	2476655850.9903884,
					"packets":	34598,
					"omitted":	false,
					"sender":	true
				}],
			"sum":	{
				"start":	9.000088,
				"end":	10.000091,
				"seconds":	1.0000029802322388,
				"bytes":	309582904,
				"bits_per_second":	2476655850.9903884,
				"packets":	34598,
				"omitted":	false,
				"sender":	true
			}
		}, {
			"streams":	[{
					"socket":	5,
					"start":	10.000091,
					"end":	11.000088,
					"seconds":	0.99999701976776123,
					"bytes":	309135504,
					"bits_per_second":	2473091402.3867269,
					"packets":	34548,
					"omitted":	false,
					"sender":	true
				}],
			"sum":	{
				"start":	10.000091,
				"end":	11.000088,
				"seconds":	0.99999701976776123,
				"bytes":	309135504,
				"bits_per_second":	2473091402.3867269,
				"packets":	34548,
				"omitted":	false,
				"sender":	true
			}
		}, {
			"streams":	[{
					"socket":	5,
					"start":	11.000088,
					"end":	12.000089,
					"seconds":	1.0000009536743164,
					"bytes":	309475528,
					"bits_per_second":	2475801862.8913507,
					"packets":	34586,
					"omitted":	false,
					"sender":	true
				}],
			"sum":	{
				"start":	11.000088,
				"end":	12.000089,
				"seconds":	1.0000009536743164,
				"bytes":	309475528,
				"bits_per_second":	2475801862.8913507,
				"packets":	34586,
				"omitted":	false,
				"sender":	true
			}
		}, {
			"streams":	[{
					"socket":	5,
					"start":	12.000089,
					"end":	13.000088,
					"seconds":	0.99999898672103882,
					"bytes":	309538164,
					"bits_per_second":	2476307821.1906166,
					"packets":	34593,
					"omitted":	false,
					"sender":	true
				}],
			"sum":	{
				"start":	12.000089,
				"end":	13.000088,
				"seconds":	0.99999898672103882,
				"bytes":	309538164,
				"bits_per_second":	2476307821.1906166,
				"packets":	34593,
				"omitted":	false,
				"sender":	true
			}
		}, {
			"streams":	[{
					"socket":	5,
					"start":	13.000088,
					"end":	14.000087,
					"seconds":	0.99999898672103882,
					"bytes":	309547112,
					"bits_per_second":	2476379405.2631512,
					"packets":	34594,
					"omitted":	false,
					"sender":	true
				}],
			"sum":	{
				"start":	13.000088,
				"end":	14.000087,
				"seconds":	0.99999898672103882,
				"bytes":	309547112,
				"bits_per_second":	2476379405.2631512,
				"packets":	34594,
				"omitted":	false,
				"sender":	true
			}
		}, {
			"streams":	[{
					"socket":	5,
					"start":	14.000087,
					"end":	15.000068,
					"seconds":	0.99998098611831665,
					"bytes":	308911804,
					"bits_per_second":	2471341421.7933931,
					"packets":	34523,